{
  "Inputs": {
    "input1": {
      "ColumnNames": [
        "age",
        "famrel",
        "absences",
        "G1",
        "G2"
      ],
      "Values": [
        [
          "0",
          "1",
          "0",
          "0",
          "0"
        ],
        [
          "0",
          "1",
          "0",
          "0",
          "0"
        ]
      ]
    },
    "input2": {
      "ColumnNames": [
        "G2",
        "G1",
        "age",
        "Dalc",
        "absences",
        "goout",
        "Walc"
      ],
      "Values": [
        [
          "0",
          "0",
          "0",
          "0",
          "0",
          "0",
          "0"
        ],
        [
          "0",
          "0",
          "0",
          "0",
          "0",
          "0",
          "0"
        ]
      ]
    }
  }
}